{
  "Version": "2012-10-17",
  "Statement": [
    {
      "Effect": "Allow",
      "Principal": {
        "Federated": "arn:aws:iam::233489832487:oidc-provider/oidc.eks.us-east-1.amazonaws.com/id/D34D8ABF1B362DF92DD4F021EEB8F38E"
      },
      "Action": "sts:AssumeRoleWithWebIdentity",
      "Condition": {
        "StringEquals": {
          "oidc.eks.us-east-1.amazonaws.com/id/D34D8ABF1B362DF92DD4F021EEB8F38E:aud": "sts.amazonaws.com",
          "oidc.eks.us-east-1.amazonaws.com/id/D34D8ABF1B362DF92DD4F021EEB8F38E:sub": "system:serviceaccount:default:ig-service-account"
        }
      }
    }
  ]
}
