{
    "Version": "2012-10-17",
    "Statement": [
        {
            "Effect": "Allow",
            "Principal": {
                "Federated": "arn:aws:iam::<ACCOUNT_ID>:oidc-provider/oidc.eks.<REGION>.amazonaws.com/id/<OIDC>"
            },
            "Action": "sts:AssumeRoleWithWebIdentity",
            "Condition": {
                "StringEquals": {
                    "oidc.eks.<REGION>.amazonaws.com/id/<OIDC>:aud": "sts.amazonaws.com",
                    "oidc.eks.<REGION>.amazonaws.com/id/<OIDC>:sub": "system:serviceaccount:default:ig-service-account"
                }
            }
        }
    ]
}
